verdict,source,altid,name,category,episodes_in_json,json_photoUrl_key_present,json_photoUrl_raw,schedule_json_slots,schedule_json_photoUrl_raw,confessor_pub_sched_image,pub_sched_http,rss_listed,rss_image,rss_image_http
JSON_EMPTY — IMAGE EXISTS ELSEWHERE,2kpfk,biketalk,Bike Talk Podcast,Public Affairs - Local,13,true,"""""",0,,,,true,https://archive.kpfk.org/pix/biketalkpodcast_it_1492.jpg,200 image/jpeg 122351B
JSON_EMPTY — IMAGE EXISTS ELSEWHERE,2kpfk,scholacirclepodast,Scholars Circle - Podcast,Public Affairs - Local,11,true,"""""",0,,,,true,https://archive.kpfk.org/pix/scholarscircle-podcast_it_1686.jpg,200 image/jpeg 400817B
EMPTY IN ALL CHECKED SOURCES,kpfk,americanindian,American Indian Airwaves,Public Affairs - Local,6,true,"""""",3,"""https://confessor.kpfk.org/pix""",,,true,,
EMPTY IN ALL CHECKED SOURCES,2kpfk,bradcast2,BradCast w/ Brad Friedman,Public Affairs- National+Syndicated,42,true,"""""",0,,,,true,,
EMPTY IN ALL CHECKED SOURCES,kpfk,solartopia,California  Solartopia,Public Affairs - Local,9,true,"""""",3,"""https://confessor.kpfk.org/pix""",,,true,,
EMPTY IN ALL CHECKED SOURCES,kpfk,cinemascore,CinemaScore,Music,2,true,"""""",3,"""https://confessor.kpfk.org/pix""",,,true,,
EMPTY IN ALL CHECKED SOURCES,kpfk,contactoancestral,Contacto Ancestral,Español,11,true,"""""",3,"""https://confessor.kpfk.org/pix""",,,true,,
EMPTY IN ALL CHECKED SOURCES,kpfk,counterspin,Counterspin,Public Affairs- National+Syndicated,4,true,"""""",3,"""https://confessor.kpfk.org/pix""",,,true,,
EMPTY IN ALL CHECKED SOURCES,kpfk,eastsidestoryradio,East Side Radio,Music,2,true,"""""",3,"""https://confessor.kpfk.org/pix""",,,false,,
EMPTY IN ALL CHECKED SOURCES,kpfk,hablanddesudamer,Hablando de Sudamerica,Español,8,true,"""""",3,"""https://confessor.kpfk.org/pix""",,,true,,
EMPTY IN ALL CHECKED SOURCES,kpfk,realrockriffsamprhyth,In The Cut Radio,Music,2,true,"""""",3,"""https://confessor.kpfk.org/pix""",,,false,,
EMPTY IN ALL CHECKED SOURCES,2kpfk,informap,Informativo Pacifica Online,Español,41,true,"""""",0,,,,true,,
EMPTY IN ALL CHECKED SOURCES,kpfk,makingcontact,Making Contact,Public Affairs - Local,4,true,"""""",3,"""https://confessor.kpfk.org/pix""",,,true,,
EMPTY IN ALL CHECKED SOURCES,kpfk,perspectiva,Perspectiva de Las Americas,Español,8,true,"""""",3,"""https://confessor.kpfk.org/pix""",,,true,,
EMPTY IN ALL CHECKED SOURCES,2kpfk,politicorpedagog,Politics Or Pedagogy? 3 min edition,Public Affairs - Local,13,true,"""""",0,,,,true,,
EMPTY IN ALL CHECKED SOURCES,kpfk,radiomaiz,Radio Maiz,Español,8,true,"""""",3,"""https://confessor.kpfk.org/pix""",,,true,,
EMPTY IN ALL CHECKED SOURCES,kpfk,sendedeoaxacoasiesnuestcultu,Senderos de Oaxaca,Español,8,true,"""""",3,"""https://confessor.kpfk.org/pix""",,,true,,
EMPTY IN ALL CHECKED SOURCES,kpfk,somethingshappening,Something's Happening A  hour 1,Public Affairs - Local,32,true,"""""",12,"""https://confessor.kpfk.org/pix""",,,false,,
EMPTY IN ALL CHECKED SOURCES,kpfk,somethihappenihour,Something's Happening A  hour 2,Public Affairs - Local,32,true,"""""",12,"""https://confessor.kpfk.org/pix""",,,false,,
EMPTY IN ALL CHECKED SOURCES,kpfk,somethihappenihoura,Something's Happening A  hour 3,Public Affairs - Local,32,true,"""""",12,"""https://confessor.kpfk.org/pix""",,,false,,
EMPTY IN ALL CHECKED SOURCES,kpfk,somethingshappeningb,Something's Happening B Hour 1,Public Affairs- National+Syndicated,31,true,"""""",12,"""https://confessor.kpfk.org/pix""",,,false,,
EMPTY IN ALL CHECKED SOURCES,kpfk,somethihappenibhour,Something's Happening B Hour 2,Public Affairs- National+Syndicated,31,true,"""""",12,"""https://confessor.kpfk.org/pix""",,,false,,
EMPTY IN ALL CHECKED SOURCES,kpfk,somethihappenibhoura,Something's Happening B Hour 3,Public Affairs- National+Syndicated,31,true,"""""",12,"""https://confessor.kpfk.org/pix""",,,false,,
EMPTY IN ALL CHECKED SOURCES,kpfk,specialmusicprogramm,Special Music Programming,Special Program,2,true,"""""",3,"""https://confessor.kpfk.org/pix""",,,false,,
EMPTY IN ALL CHECKED SOURCES,kpfk,special,Special Programming,Special Program,3,true,"""""",3,"""https://confessor.kpfk.org/pix""",,,false,,
EMPTY IN ALL CHECKED SOURCES,2kpfk,swanapodcast,SWANA Podcast,Public Affairs - Local,4,true,"""""",0,,,,true,,
EMPTY IN ALL CHECKED SOURCES,2kpfk,outagenda,The Out Agenda - Online,Public Affairs - Local,13,true,"""""",0,,,,true,,
EMPTY IN ALL CHECKED SOURCES,kpfk,peoplegamea,The People's Game,Public Affairs - Local,3,true,"""""",0,,,,true,,
EMPTY IN ALL CHECKED SOURCES,kpfk,accessunlimitea,Access Unlimited,Public Affairs - Local,0,true,"""""",0,,,,false,,
EMPTY IN ALL CHECKED SOURCES,kpfk,animalagenda,"Animal Agenda, The",Public Affairs - Local,0,true,"""""",0,,,,false,,
EMPTY IN ALL CHECKED SOURCES,2kpfk,bibliocracya,Bibliocracy,Public Affairs - Local,0,true,"""""",0,,,,false,,
EMPTY IN ALL CHECKED SOURCES,kpfk,buildingbridges,Building Bridges,Public Affairs- National+Syndicated,0,true,"""""",0,,,,false,,
EMPTY IN ALL CHECKED SOURCES,2kpfk,californiasolartopia,California Solartopia,Public Affairs - Local,0,true,"""""",0,,,,false,,
EMPTY IN ALL CHECKED SOURCES,2kpfk,goharrison,Cary Harrison Files - Podcast,Public Affairs- National+Syndicated,0,true,"""""",0,,,,false,,
EMPTY IN ALL CHECKED SOURCES,2kpfk,connectopod,Connectopod,Public Affairs - Local,0,true,"""""",0,,,,false,,
EMPTY IN ALL CHECKED SOURCES,kpfk,constituency,"Constituency, The",Public Affairs - Local,0,true,"""""",0,,,,false,,
EMPTY IN ALL CHECKED SOURCES,kpfk,gyamfi,Conversations On the Way: The Asafo Edition,Public Affairs - Local,0,true,"""""",0,,,,false,,
EMPTY IN ALL CHECKED SOURCES,2kpfk,covidrace,"Covid, Race & Democracy Online",Public Affairs - Local,0,true,"""""",0,,,,false,,
EMPTY IN ALL CHECKED SOURCES,kpfk,creativefrontline,Creative Frontline,Public Affairs - Local,0,true,"""""",0,,,,false,,
EMPTY IN ALL CHECKED SOURCES,kpfk,crosbstillnashyoungliveatfillmeast,Crosby Stills Nash & Young Live at the FIllmore East,Special Program,0,true,"""""",0,,,,false,,
EMPTY IN ALL CHECKED SOURCES,2kpfk,digitavillagpodcas,Digital Village - Podcast,Public Affairs - Local,0,true,"""""",0,,,,false,,
EMPTY IN ALL CHECKED SOURCES,kpfk,econ,Economic Update w/Richard Wolff,Public Affairs- National+Syndicated,0,true,"""""",0,,,,false,,
EMPTY IN ALL CHECKED SOURCES,kpfk,elnotici,El Noticiero,Español,0,true,"""""",0,,,,false,,
EMPTY IN ALL CHECKED SOURCES,kpfk,exploration,Exploration,Arts & Entertainment,0,true,"""""",0,,,,false,,
EMPTY IN ALL CHECKED SOURCES,2kpfk,feministmagazine,Feminist Magazine,Public Affairs - Local,0,true,"""""",0,,,,false,,
EMPTY IN ALL CHECKED SOURCES,2kpfk,flashpointsa,Flashpoints,Public Affairs- National+Syndicated,0,true,"""""",0,,,,false,,
EMPTY IN ALL CHECKED SOURCES,kpfk,grayzone,Grayzone Radio,Public Affairs - Local,0,true,"""""",0,,,,false,,
EMPTY IN ALL CHECKED SOURCES,kpfk,greenstreet,Green Street,Public Affairs- National+Syndicated,0,true,"""""",0,,,,false,,
EMPTY IN ALL CHECKED SOURCES,kpfk,healthampwellnemix,Health & Wellness Mix,Health & Spirituality,0,true,"""""",0,,,,false,,
EMPTY IN ALL CHECKED SOURCES,kpfk,kpfapublicforummitchjeseri,KPFA Public Forum with Mitch Jeserich,Special Program,0,true,"""""",0,,,,false,,
EMPTY IN ALL CHECKED SOURCES,kpfk,flanders,Laura Flanders and Friends,Public Affairs- National+Syndicated,0,true,"""""",0,,,,false,,
EMPTY IN ALL CHECKED SOURCES,kpfk,livespecialcoveragfrompacificnetwor,LIVE SPECIAL COVERAGE from Pacifica Network,Special Program,0,true,"""""",0,,,,false,,
EMPTY IN ALL CHECKED SOURCES,2kpfk,martluthkingpra,MLK Radio Archives,Special Program,0,true,"""""",0,,,,false,,
EMPTY IN ALL CHECKED SOURCES,kpfk,musiqueyjuventu,MUSIQUEROS Y JUVENTUD,Español,0,true,"""""",0,,,,false,,
EMPTY IN ALL CHECKED SOURCES,kpfk,nokingsspecia,No Kings Special,Special Program,0,true,"""""",0,,,,false,,
EMPTY IN ALL CHECKED SOURCES,kpfk,nokingsspeci,No Kings Special,Special Program,0,true,"""""",0,,,,false,,
EMPTY IN ALL CHECKED SOURCES,kpfk,ongroun,On the Ground,Public Affairs- National+Syndicated,0,true,"""""",0,,,,false,,
EMPTY IN ALL CHECKED SOURCES,kpfk,pacificadelegateelections,Pacifica Delegate Elections,Public Affairs - Local,0,true,"""""",0,,,,false,,
EMPTY IN ALL CHECKED SOURCES,kpfk,pacificaradioarchivesnationalspecia,Pacifica Radio Archives national special,Public Affairs- National+Syndicated,0,true,"""""",0,,,,false,,
EMPTY IN ALL CHECKED SOURCES,2kpfk,poetcafewhypoet,Poet's Cafe,Arts & Entertainment,0,true,"""""",0,,,,false,,
EMPTY IN ALL CHECKED SOURCES,kpfk,onemoresundanight,Primal Dead,Music,0,true,"""""",0,,,,false,,
EMPTY IN ALL CHECKED SOURCES,kpfk,putamaworldmusichour,Putamayo World Music Hour,Music,0,true,"""""",0,,,,false,,
EMPTY IN ALL CHECKED SOURCES,kpfk,radiofreepalesti,Radio Free Palestine,Public Affairs- National+Syndicated,0,true,"""""",0,,,,false,,
EMPTY IN ALL CHECKED SOURCES,kpfk,mornimixhamidkhan,Radio Insurrection w/Hamid Khan and Matyos Kidane,Public Affairs - Local,0,true,"""""",0,,,,false,,
EMPTY IN ALL CHECKED SOURCES,kpfk,rintifada,Radio Intifada (SWANA Region Radio),Public Affairs- National+Syndicated,0,true,"""""",0,,,,false,,
EMPTY IN ALL CHECKED SOURCES,kpfk,reportlistener,Report to the Listener,Public Affairs - Local,0,true,"""""",0,,,,false,,
EMPTY IN ALL CHECKED SOURCES,kpfk,rootwork,Rootwork,Public Affairs - Local,0,true,"""""",0,,,,false,,
EMPTY IN ALL CHECKED SOURCES,kpfk,specipatsyclinetribu,Special - Patsy Cline Tribute!,Music,0,true,"""""",0,,,,false,,
EMPTY IN ALL CHECKED SOURCES,kpfk,specialfunddriveprograma,Special Fund Drive Programming,Special Program,0,true,"""""",0,,,,false,,
EMPTY IN ALL CHECKED SOURCES,kpfk,specialfunddriveprogramb,Special Fund Drive Programming,Special Program,0,true,"""""",0,,,,false,,
EMPTY IN ALL CHECKED SOURCES,kpfk,specialfunddriveprogram,Special Fund Drive Programming,Special Program,0,true,"""""",0,,,,false,,
EMPTY IN ALL CHECKED SOURCES,kpfk,specialmusicprogramma,Special Music Programming,Music,0,true,"""""",0,,,,false,,
EMPTY IN ALL CHECKED SOURCES,2kpfk,special2,Special Programming 2,Public Affairs- National+Syndicated,0,true,"""""",0,,,,false,,
EMPTY IN ALL CHECKED SOURCES,kpfk,spotlightafrica,Spotlight Africa,Public Affairs - Local,0,true,"""""",0,,,,false,,
EMPTY IN ALL CHECKED SOURCES,kpfk,streetsankofa,Street Sankofa,Public Affairs - Local,0,true,"""""",0,,,,false,,
EMPTY IN ALL CHECKED SOURCES,kpfk,bluntpostvic,The Blunt Post with Vic,Public Affairs - Local,0,true,"""""",0,,,,false,,
EMPTY IN ALL CHECKED SOURCES,kpfk,herbalhighway,The Herbal Highway,Health & Spirituality,0,true,"""""",0,,,,false,,
EMPTY IN ALL CHECKED SOURCES,2kpfk,wedecid,We Decide,Public Affairs- National+Syndicated,0,true,"""""",0,,,,false,,
EMPTY IN ALL CHECKED SOURCES,kpfk,funktownwgarybaca,Welcome 2 the Dawn,Music,0,true,"""""",0,,,,false,,
EMPTY IN ALL CHECKED SOURCES,kpfk,wizaroz,Wizard of Oz,Special Program,0,true,"""""",0,,,,false,,
EMPTY IN ALL CHECKED SOURCES,kpfk,httpswwwkpfkorgonairxrextinctionreb,XR Now!,Public Affairs - Local,0,true,"""""",0,,,,false,,
JSON_HAS_IMAGE,kpfk,afrodicia,Afro-Dicia,Music,2,true,"""https://confessor.kpfk.org/pix/afrodicia_med_144.jpg""",3,"""https://confessor.kpfk.org/pix""",https://confessor.kpfk.org/pix/afrodicia_med_144.jpg,,false,,
JSON_HAS_IMAGE,kpfk,alanwatts,Alan Watts,Health & Spirituality,9,true,"""https://confessor.kpfk.org/pix/alanwatts_med_108.jpg""",3,"""https://confessor.kpfk.org/pix""",https://confessor.kpfk.org/pix/alanwatts_med_108.jpg,,false,,
JSON_HAS_IMAGE,kpfk,allabove,All Of The  Above,Music,2,true,"""https://confessor.kpfk.org/pix/allabove_med_112.jpg""",3,"""https://confessor.kpfk.org/pix""",https://confessor.kpfk.org/pix/allabove_med_112.jpg,,false,,
JSON_HAS_IMAGE,kpfk,alterradioar,Alternative Radio,Public Affairs- National+Syndicated,8,true,"""https://confessor.kpfk.org/pix/alterradioar_med_333.jpg""",3,"""https://confessor.kpfk.org/pix""",https://confessor.kpfk.org/pix/alterradioar_med_333.jpg,,true,https://confessor.kpfk.org/pix/alterradioar_it_333.jpg,
JSON_HAS_IMAGE,kpfk,artsinreview,Arts In Review,Arts & Entertainment,8,true,"""https://confessor.kpfk.org/pix/artsinreview_med_150.jpg""",3,"""https://confessor.kpfk.org/pix""",https://confessor.kpfk.org/pix/artsinreview_med_150.jpg,,true,https://confessor.kpfk.org/pix/artsinreview_it_150.jpg,
JSON_HAS_IMAGE,kpfk,awakenings,Awakenings,Music,2,true,"""https://confessor.kpfk.org/pix/awakenings_med_377.jpg""",3,"""https://confessor.kpfk.org/pix""",https://confessor.kpfk.org/pix/awakenings_med_377.jpg,,false,,
JSON_HAS_IMAGE,kpfk,aware,"Aware Show, The",Health & Spirituality,15,true,"""https://confessor.kpfk.org/pix/aware_med_141.jpg""",6,"""https://confessor.kpfk.org/pix""",https://confessor.kpfk.org/pix/aware_med_141.jpg,,false,,
JSON_HAS_IMAGE,kpfk,backgroundbriefing,Background Briefing,Public Affairs- National+Syndicated,42,true,"""https://confessor.kpfk.org/pix/backgroundbriefing_med_370.jpg""",15,"""https://confessor.kpfk.org/pix""",https://confessor.kpfk.org/pix/backgroundbriefing_med_370.jpg,,true,https://confessor.kpfk.org/pix/backgroundbriefing_it_370.jpg,
JSON_HAS_IMAGE,kpfk,nativenationsreport,Be a Better Relative,Public Affairs - Local,6,true,"""https://confessor.kpfk.org/pix/nativenationsreport_med_329.jpg""",3,"""https://confessor.kpfk.org/pix""",https://confessor.kpfk.org/pix/nativenationsreport_med_329.jpg,,true,https://confessor.kpfk.org/pix/nativenationsreport_it_329.jpg,
JSON_HAS_IMAGE,kpfk,bts_friday,Beneath The Surface,Public Affairs - Local,8,true,"""https://confessor.kpfk.org/pix/bts_friday_med_162.jpg""",3,"""https://confessor.kpfk.org/pix""",https://confessor.kpfk.org/pix/bts_friday_med_162.jpg,,true,https://confessor.kpfk.org/pix/bts_friday_it_162.jpg,
JSON_HAS_IMAGE,kpfk,bibliocracy,Bibliocracy,Arts & Entertainment,7,true,"""https://confessor.kpfk.org/pix/bibliocracy_med_153.jpg""",3,"""https://confessor.kpfk.org/pix""",https://confessor.kpfk.org/pix/bibliocracy_med_153.jpg,,true,https://confessor.kpfk.org/pix/bibliocracy_it_153.jpg,
JSON_HAS_IMAGE,kpfk,breakbeats,Breakbeats And Rhymes,Music,2,true,"""https://confessor.kpfk.org/pix/breakbeats_med_119.jpg""",3,"""https://confessor.kpfk.org/pix""",https://confessor.kpfk.org/pix/breakbeats_med_119.jpg,,false,,
JSON_HAS_IMAGE,kpfk,calstalacommunnewshour,CalState LA Community News Hour,Public Affairs - Local,1,true,"""https://confessor.kpfk.org/pix/calstatelacommunitynewshour_med_314.jpg""",0,,,,true,https://confessor.kpfk.org/pix/calstatelacommunitynewshour_it_314.jpg,
JSON_HAS_IMAGE,kpfk,cantossin,Canto Sin Fronteras,Music,2,true,"""https://confessor.kpfk.org/pix/cantossin_med_172.jpg""",3,"""https://confessor.kpfk.org/pix""",https://confessor.kpfk.org/pix/cantossin_med_172.jpg,,false,,
JSON_HAS_IMAGE,kpfk,cantotropical,Canto Tropical,Music,2,true,"""https://confessor.kpfk.org/pix/cantotropical_med_173.jpg""",3,"""https://confessor.kpfk.org/pix""",https://confessor.kpfk.org/pix/cantotropical_med_173.jpg,,false,,
JSON_HAS_IMAGE,kpfk,covidraceanddemocr,"Capitalism, Race and Democracy",Public Affairs- National+Syndicated,7,true,"""https://confessor.kpfk.org/pix/covidraceanddemocr_med_288.jpg""",3,"""https://confessor.kpfk.org/pix""",https://confessor.kpfk.org/pix/covidraceanddemocr_med_288.jpg,,true,https://confessor.kpfk.org/pix/covidraceanddemocr_it_288.jpg,
JSON_HAS_IMAGE,kpfk,caryharrisfiles,Cary Harrison Files,Public Affairs- National+Syndicated,8,true,"""https://confessor.kpfk.org/pix/caryharrisfiles_med_374.jpg""",3,"""https://confessor.kpfk.org/pix""",https://confessor.kpfk.org/pix/caryharrisfiles_med_374.jpg,,true,https://confessor.kpfk.org/pix/caryharrisfiles_it_374.jpg,
JSON_HAS_IMAGE,kpfk,codepinradio,CodePINK Radio,Public Affairs- National+Syndicated,8,true,"""https://confessor.kpfk.org/pix/codepinradio_med_311.jpg""",3,"""https://confessor.kpfk.org/pix""",https://confessor.kpfk.org/pix/codepinradio_med_311.jpg,,true,https://confessor.kpfk.org/pix/codepinradio_it_311.jpg,
JSON_HAS_IMAGE,kpfk,golpe,Contragolpe,Español,7,true,"""https://confessor.kpfk.org/pix/golpe_med_205.jpg""",3,"""https://confessor.kpfk.org/pix""",https://confessor.kpfk.org/pix/golpe_med_205.jpg,,false,,
JSON_HAS_IMAGE,kpfk,conversatpiece,Conversation Piece,Public Affairs - Local,9,true,"""https://confessor.kpfk.org/pix/conversatpiece_med_340.jpg""",3,"""https://confessor.kpfk.org/pix""",https://confessor.kpfk.org/pix/conversatpiece_med_340.jpg,,true,https://confessor.kpfk.org/pix/conversatpiece_it_340.jpg,
JSON_HAS_IMAGE,kpfk,mornimixcutchasewsylveriver,Cut to the Chase,Public Affairs - Local,8,true,"""https://confessor.kpfk.org/pix/mornimixcutchasewsylveriver_med_323.jpg""",3,"""https://confessor.kpfk.org/pix""",https://confessor.kpfk.org/pix/mornimixcutchasewsylveriver_med_323.jpg,,true,https://confessor.kpfk.org/pix/mornimixcutchasewsylveriver_it_323.jpg,
JSON_HAS_IMAGE,kpfk,darkstardeadmusic,"Dark Star, Dead & Music",Music,2,true,"""https://confessor.kpfk.org/pix/darkstardeadmusic_med_373.jpg""",3,"""https://confessor.kpfk.org/pix""",https://confessor.kpfk.org/pix/darkstardeadmusic_med_373.jpg,,false,,
JSON_HAS_IMAGE,kpfk,dn,Democracy Now!,Public Affairs- National+Syndicated,69,true,"""https://confessor.kpfk.org/pix/dn_med_97.jpg""",24,"""https://confessor.kpfk.org/pix""",https://confessor.kpfk.org/pix/dn_med_97.jpg,,true,https://confessor.kpfk.org/pix/dn_it_97.jpg,
JSON_HAS_IMAGE,kpfk,medianoche,Dialogos de Media Noche,Español,8,true,"""https://confessor.kpfk.org/pix/medianoche_med_253.jpg""",3,"""https://confessor.kpfk.org/pix""",https://confessor.kpfk.org/pix/medianoche_med_253.jpg,,true,https://confessor.kpfk.org/pix/medianoche_it_253.jpg,
JSON_HAS_IMAGE,kpfk,ecojustiradio,Eco-Justice Radio,Public Affairs - Local,9,true,"""https://confessor.kpfk.org/pix/ecojustiradio_med_268.jpg""",3,"""https://confessor.kpfk.org/pix""",https://confessor.kpfk.org/pix/ecojustiradio_med_268.jpg,,true,https://confessor.kpfk.org/pix/ecojustiradio_it_268.jpg,
JSON_HAS_IMAGE,kpfk,gospelclassics,Edna Tatum's Gospel Classics,Music,2,true,"""https://confessor.kpfk.org/pix/gospelclassics_med_106.jpg""",3,"""https://confessor.kpfk.org/pix""",https://confessor.kpfk.org/pix/gospelclassics_med_106.jpg,,false,,
JSON_HAS_IMAGE,kpfk,luke,Encuentros con Gregorio Luke,Español,8,true,"""https://confessor.kpfk.org/pix/luke_med_206.jpg""",3,"""https://confessor.kpfk.org/pix""",https://confessor.kpfk.org/pix/luke_med_206.jpg,,true,https://confessor.kpfk.org/pix/luke_it_206.jpg,
JSON_HAS_IMAGE,kpfk,enfoque,Enfoque Latino,Español,8,true,"""https://confessor.kpfk.org/pix/enfoque_med_171.jpg""",3,"""https://confessor.kpfk.org/pix""",https://confessor.kpfk.org/pix/enfoque_med_171.jpg,,true,https://confessor.kpfk.org/pix/enfoque_it_171.jpg,
JSON_HAS_IMAGE,kpfk,ivmon,Expansion Zone,Health & Spirituality,8,true,"""https://confessor.kpfk.org/pix/ivmon_med_267.jpg""",3,"""https://confessor.kpfk.org/pix""",https://confessor.kpfk.org/pix/ivmon_med_267.jpg,,true,https://confessor.kpfk.org/pix/ivmon_it_267.jpg,
JSON_HAS_IMAGE,kpfk,femmag,Feminist Magazine,Public Affairs - Local,6,true,"""https://confessor.kpfk.org/pix/femmag_med_186.jpg""",3,"""https://confessor.kpfk.org/pix""",https://confessor.kpfk.org/pix/femmag_med_186.jpg,,true,https://confessor.kpfk.org/pix/femmag_it_186.jpg,
JSON_HAS_IMAGE,kpfk,folkscene,FolkScene,Music,2,true,"""https://confessor.kpfk.org/pix/folkscene_med_175.jpg""",3,"""https://confessor.kpfk.org/pix""",https://confessor.kpfk.org/pix/folkscene_med_175.jpg,,false,,
JSON_HAS_IMAGE,kpfk,freedomnow,Freedom Now,Public Affairs - Local,9,true,"""https://confessor.kpfk.org/pix/freedomnow_med_183.jpg""",3,"""https://confessor.kpfk.org/pix""",https://confessor.kpfk.org/pix/freedomnow_med_183.jpg,,true,https://confessor.kpfk.org/pix/freedomnow_it_183.jpg,
JSON_HAS_IMAGE,kpfk,gv_sergio,Global Village - Fri,Music,2,true,"""https://confessor.kpfk.org/pix/gv_sergio_med_132.jpg""",3,"""https://confessor.kpfk.org/pix""",https://confessor.kpfk.org/pix/gv_sergio_med_132.jpg,,false,,
JSON_HAS_IMAGE,kpfk,gv_derek,Global Village - Mon,Music,2,true,"""https://confessor.kpfk.org/pix/gv_derek_med_104.jpg""",3,"""https://confessor.kpfk.org/pix""",https://confessor.kpfk.org/pix/gv_derek_med_104.jpg,,false,,
JSON_HAS_IMAGE,kpfk,gv_john,Global Village - Thurs,Music,2,true,"""https://confessor.kpfk.org/pix/gv_john_med_131.jpg""",3,"""https://confessor.kpfk.org/pix""",https://confessor.kpfk.org/pix/gv_john_med_131.jpg,,false,,
JSON_HAS_IMAGE,kpfk,gv_tue,Global Village - Tuesday,Music,2,true,"""https://confessor.kpfk.org/pix/gv_tue_med_129.jpg""",3,"""https://confessor.kpfk.org/pix""",https://confessor.kpfk.org/pix/gv_tue_med_129.jpg,,false,,
JSON_HAS_IMAGE,kpfk,gv_yatrika,Global Village - Weds,Music,2,true,"""https://confessor.kpfk.org/pix/gv_yatrika_med_130.jpg""",3,"""https://confessor.kpfk.org/pix""",https://confessor.kpfk.org/pix/gv_yatrika_med_130.jpg,,false,,
JSON_HAS_IMAGE,kpfk,imru,IMRU - LGBT Issues,Public Affairs - Local,9,true,"""https://confessor.kpfk.org/pix/imru_med_177.jpg""",3,"""https://confessor.kpfk.org/pix""",https://confessor.kpfk.org/pix/imru_med_177.jpg,,true,https://confessor.kpfk.org/pix/imru_it_177.jpg,
JSON_HAS_IMAGE,kpfk,infopac,Informativo Pacifica,Español,32,true,"""https://confessor.kpfk.org/pix/infopac_med_181.jpg""",12,"""https://confessor.kpfk.org/pix""",https://confessor.kpfk.org/pix/infopac_med_181.jpg,,true,https://confessor.kpfk.org/pix/infopac_it_181.jpg,
JSON_HAS_IMAGE,kpfk,radioinsurgencia,Insurgencia Feminina,Español,8,true,"""https://confessor.kpfk.org/pix/radioinsurgencia_med_184.jpg""",3,"""https://confessor.kpfk.org/pix""",https://confessor.kpfk.org/pix/radioinsurgencia_med_184.jpg,,true,https://confessor.kpfk.org/pix/radioinsurgencia_it_184.jpg,
JSON_HAS_IMAGE,kpfk,morningmradiojaguar,La Raza Radio,Public Affairs - Local,8,true,"""https://confessor.kpfk.org/pix/morningmradiojaguar_med_320.jpg""",3,"""https://confessor.kpfk.org/pix""",https://confessor.kpfk.org/pix/morningmradiojaguar_med_320.jpg,,true,https://confessor.kpfk.org/pix/morningmradiojaguar_it_320.jpg,
JSON_HAS_IMAGE,kpfk,larb,LARB Radio Hour,Arts & Entertainment,7,true,"""https://confessor.kpfk.org/pix/larb_med_229.jpg""",3,"""https://confessor.kpfk.org/pix""",https://confessor.kpfk.org/pix/larb_med_229.jpg,,true,https://confessor.kpfk.org/pix/larb_it_229.jpg,
JSON_HAS_IMAGE,kpfk,lawsnddisor,Law and Disorder,Public Affairs- National+Syndicated,33,true,"""https://confessor.kpfk.org/pix/lawsnddisor_med_380.jpg""",12,"""https://confessor.kpfk.org/pix""",https://confessor.kpfk.org/pix/lawsnddisor_med_380.jpg,,true,https://confessor.kpfk.org/pix/lawsnddisor_it_380.jpg,
JSON_HAS_IMAGE,kpfk,lawyersguild,"Lawyers Guild, The",Public Affairs - Local,8,true,"""https://confessor.kpfk.org/pix/lawyersguild_med_190.jpg""",3,"""https://confessor.kpfk.org/pix""",https://confessor.kpfk.org/pix/lawyersguild_med_190.jpg,,true,https://confessor.kpfk.org/pix/lawyersguild_it_190.jpg,
JSON_HAS_IMAGE,kpfk,johnwiener,Living In The USA,Public Affairs - Local,8,true,"""https://confessor.kpfk.org/pix/johnwiener_med_166.jpg""",3,"""https://confessor.kpfk.org/pix""",https://confessor.kpfk.org/pix/johnwiener_med_166.jpg,,false,,
JSON_HAS_IMAGE,kpfk,meif,Middle East In Focus,Public Affairs- National+Syndicated,9,true,"""https://confessor.kpfk.org/pix/meif_med_187.jpg""",3,"""https://confessor.kpfk.org/pix""",https://confessor.kpfk.org/pix/meif_med_187.jpg,,true,https://confessor.kpfk.org/pix/meif_it_187.jpg,
JSON_HAS_IMAGE,kpfk,deepend,Midnight Snack,Music,2,true,"""https://confessor.kpfk.org/pix/deepend_med_296.jpg""",3,"""https://confessor.kpfk.org/pix""",https://confessor.kpfk.org/pix/deepend_med_296.jpg,,false,,
JSON_HAS_IMAGE,kpfk,lstation,Nightscapes,Music,2,true,"""https://confessor.kpfk.org/pix/lstation_med_120.jpg""",3,"""https://confessor.kpfk.org/pix""",https://confessor.kpfk.org/pix/lstation_med_120.jpg,,false,,
JSON_HAS_IMAGE,kpfk,nuestravoz,Nuestra Voz,Español,8,true,"""https://confessor.kpfk.org/pix/nuestravoz_med_192.jpg""",3,"""https://confessor.kpfk.org/pix""",https://confessor.kpfk.org/pix/nuestravoz_med_192.jpg,,true,https://confessor.kpfk.org/pix/nuestravoz_it_192.jpg,
JSON_HAS_IMAGE,kpfk,onconta,On Contact,Public Affairs- National+Syndicated,12,true,"""https://confessor.kpfk.org/pix/onconta_med_274.jpg""",3,"""https://confessor.kpfk.org/pix""",https://confessor.kpfk.org/pix/onconta_med_274.jpg,,true,https://confessor.kpfk.org/pix/onconta_it_274.jpg,
JSON_HAS_IMAGE,kpfk,kpfknews,Pacifica Evening News,News,40,true,"""https://confessor.kpfk.org/pix/kpfknews_med_163.jpg""",15,"""https://confessor.kpfk.org/pix""",https://confessor.kpfk.org/pix/kpfknews_med_163.jpg,,true,https://confessor.kpfk.org/pix/kpfknews_it_163.jpg,
JSON_HAS_IMAGE,kpfk,pperf,Pacifica Performance Showcase,Arts & Entertainment,11,true,"""https://confessor.kpfk.org/pix/pperf_med_155.jpg""",3,"""https://confessor.kpfk.org/pix""",https://confessor.kpfk.org/pix/pperf_med_155.jpg,,true,https://confessor.kpfk.org/pix/pperf_it_155.jpg,
JSON_HAS_IMAGE,kpfk,philandtedrsqsexyboomershow,Phil & Ted's Sexy Boomer Show,Arts & Entertainment,8,true,"""https://confessor.kpfk.org/pix/philandtedrsqsexyboomershow_med_316.jpg""",3,"""https://confessor.kpfk.org/pix""",https://confessor.kpfk.org/pix/philandtedrsqsexyboomershow_med_316.jpg,,true,https://confessor.kpfk.org/pix/philandtedrsqsexyboomershow_it_316.jpg,
JSON_HAS_IMAGE,kpfk,plantingmedecine,Planting Medicine,Health & Spirituality,7,true,"""https://confessor.kpfk.org/pix/plantingmedecine_med_376.jpg""",3,"""https://confessor.kpfk.org/pix""",https://confessor.kpfk.org/pix/plantingmedecine_med_376.jpg,,true,https://confessor.kpfk.org/pix/plantingmedecine_it_376.jpg,
JSON_HAS_IMAGE,kpfk,pocho,Pocho Hour Of Power,Public Affairs - Local,8,true,"""https://confessor.kpfk.org/pix/pocho_med_168.jpg""",3,"""https://confessor.kpfk.org/pix""",https://confessor.kpfk.org/pix/pocho_med_168.jpg,,true,https://confessor.kpfk.org/pix/pocho_it_168.jpg,
JSON_HAS_IMAGE,kpfk,rockprofile,Profiles w/ Maggie LePique,Arts & Entertainment,2,true,"""https://confessor.kpfk.org/pix/profileswmaggielepique_med_271.jpg""",0,,,,true,https://confessor.kpfk.org/pix/profileswmaggielepique_it_271.jpg,
JSON_HAS_IMAGE,kpfk,qrcode,QR Code,Public Affairs- National+Syndicated,33,true,"""https://confessor.kpfk.org/pix/qrcode_med_379.jpg""",12,"""https://confessor.kpfk.org/pix""",https://confessor.kpfk.org/pix/qrcode_med_379.jpg,,true,https://confessor.kpfk.org/pix/qrcode_it_379.jpg,
JSON_HAS_IMAGE,kpfk,radiobilingu,Radio Bilingue,Español,8,true,"""https://confessor.kpfk.org/pix/radiobilingu_med_281.jpg""",3,"""https://confessor.kpfk.org/pix""",https://confessor.kpfk.org/pix/radiobilingu_med_281.jpg,,true,https://confessor.kpfk.org/pix/radiobilingu_it_281.jpg,
JSON_HAS_IMAGE,kpfk,nader,Ralph Nader Radio Hour,Public Affairs- National+Syndicated,9,true,"""https://confessor.kpfk.org/pix/nader_med_207.jpg""",3,"""https://confessor.kpfk.org/pix""",https://confessor.kpfk.org/pix/nader_med_207.jpg,,true,https://confessor.kpfk.org/pix/nader_it_207.jpg,
JSON_HAS_IMAGE,kpfk,reggaecent,Reggae Central,Music,2,true,"""https://confessor.kpfk.org/pix/reggaecent_med_145.jpg""",3,"""https://confessor.kpfk.org/pix""",https://confessor.kpfk.org/pix/reggaecent_med_145.jpg,,false,,
JSON_HAS_IMAGE,kpfk,ladiverylainclu,Revolucion Arcoiris,Español,8,true,"""https://confessor.kpfk.org/pix/ladiverylainclu_med_352.jpg""",3,"""https://confessor.kpfk.org/pix""",https://confessor.kpfk.org/pix/ladiverylainclu_med_352.jpg,,true,https://confessor.kpfk.org/pix/ladiverylainclu_it_352.jpg,
JSON_HAS_IMAGE,kpfk,rhapsody,Rhapsody In Black,Music,2,true,"""https://confessor.kpfk.org/pix/rhapsody_med_189.jpg""",3,"""https://confessor.kpfk.org/pix""",https://confessor.kpfk.org/pix/rhapsody_med_189.jpg,,false,,
JSON_HAS_IMAGE,kpfk,risingup,Rising Up,Public Affairs- National+Syndicated,8,true,"""https://confessor.kpfk.org/pix/risingup_med_233.jpg""",3,"""https://confessor.kpfk.org/pix""",https://confessor.kpfk.org/pix/risingup_med_233.jpg,,true,https://confessor.kpfk.org/pix/risingup_it_233.jpg,
JSON_HAS_IMAGE,kpfk,aliveandpicking,Roots Music and Beyond,Music,2,true,"""https://confessor.kpfk.org/pix/aliveandpicking_med_212.jpg""",3,"""https://confessor.kpfk.org/pix""",https://confessor.kpfk.org/pix/aliveandpicking_med_212.jpg,,false,,
JSON_HAS_IMAGE,kpfk,marmoudian,Scholars Circle,Public Affairs - Local,8,true,"""https://confessor.kpfk.org/pix/marmoudian_med_167.jpg""",3,"""https://confessor.kpfk.org/pix""",https://confessor.kpfk.org/pix/marmoudian_med_167.jpg,,true,https://confessor.kpfk.org/pix/marmoudian_it_167.jpg,
JSON_HAS_IMAGE,kpfk,sojourner,Sojourner Truth Radio,Public Affairs- National+Syndicated,5,true,"""https://confessor.kpfk.org/pix/sojourner_med_99.jpg""",3,"""https://confessor.kpfk.org/pix""",https://confessor.kpfk.org/pix/sojourner_med_99.jpg,,true,https://confessor.kpfk.org/pix/sojourner_it_99.jpg,
JSON_HAS_IMAGE,kpfk,soulrebel,Soul Rebel Radio,Public Affairs - Local,7,true,"""https://confessor.kpfk.org/pix/soulrebel_med_188.jpg""",3,"""https://confessor.kpfk.org/pix""",https://confessor.kpfk.org/pix/soulrebel_med_188.jpg,,true,https://confessor.kpfk.org/pix/soulrebel_it_188.jpg,
JSON_HAS_IMAGE,kpfk,soundwaves,Soundwaves,Music,2,true,"""https://confessor.kpfk.org/pix/soundwaves_med_114.jpg""",3,"""https://confessor.kpfk.org/pix""",https://confessor.kpfk.org/pix/soundwaves_med_114.jpg,,false,,
JSON_HAS_IMAGE,kpfk,musicmix,Stairway To Heaven,Music,2,true,"""https://confessor.kpfk.org/pix/musicmix_med_117.jpg""",3,"""https://confessor.kpfk.org/pix""",https://confessor.kpfk.org/pix/musicmix_med_117.jpg,,false,,
JSON_HAS_IMAGE,kpfk,suplemento,Suplemento Comunitario,Español,8,true,"""https://confessor.kpfk.org/pix/suplemento_med_203.jpg""",3,"""https://confessor.kpfk.org/pix""",https://confessor.kpfk.org/pix/suplemento_med_203.jpg,,true,https://confessor.kpfk.org/pix/suplemento_it_203.jpg,
JSON_HAS_IMAGE,kpfk,carshow,The Car Show,Public Affairs - Local,9,true,"""https://confessor.kpfk.org/pix/carshow_med_110.jpg""",3,"""https://confessor.kpfk.org/pix""",https://confessor.kpfk.org/pix/carshow_med_110.jpg,,true,https://confessor.kpfk.org/pix/carshow_it_110.jpg,
JSON_HAS_IMAGE,kpfk,signal,The Signal,Public Affairs - Local,7,true,"""https://confessor.kpfk.org/pix/signal_med_385.jpg""",3,"""https://confessor.kpfk.org/pix""",https://confessor.kpfk.org/pix/signal_med_385.jpg,,true,https://confessor.kpfk.org/pix/signal_it_385.jpg,
JSON_HAS_IMAGE,kpfk,visionalryactivist,The Visionary Activist Show,Public Affairs- National+Syndicated,8,true,"""https://confessor.kpfk.org/pix/visionalryactivist_med_371.jpg""",3,"""https://confessor.kpfk.org/pix""",https://confessor.kpfk.org/pix/visionalryactivist_med_371.jpg,,true,https://confessor.kpfk.org/pix/visionalryactivist_it_371.jpg,
JSON_HAS_IMAGE,kpfk,prisonrights,Think Outside The Cage,Public Affairs - Local,12,true,"""https://confessor.kpfk.org/pix/prisonrights_med_200.jpg""",3,"""https://confessor.kpfk.org/pix""",https://confessor.kpfk.org/pix/prisonrights_med_200.jpg,,true,https://confessor.kpfk.org/pix/prisonrights_it_200.jpg,
JSON_HAS_IMAGE,kpfk,thiswayout,This Way Out,Public Affairs- National+Syndicated,9,true,"""https://confessor.kpfk.org/pix/thiswayout_med_383.jpg""",3,"""https://confessor.kpfk.org/pix""",https://confessor.kpfk.org/pix/thiswayout_med_383.jpg,,true,https://confessor.kpfk.org/pix/thiswayout_it_383.jpg,
JSON_HAS_IMAGE,kpfk,hartmann,Thom Hartmann Program,Public Affairs- National+Syndicated,39,true,"""https://confessor.kpfk.org/pix/hartmann_med_222.jpg""",15,"""https://confessor.kpfk.org/pix""",https://confessor.kpfk.org/pix/hartmann_med_222.jpg,,false,,
JSON_HAS_IMAGE,kpfk,traveltips,Travel Tips For Aztlan,Music,2,true,"""https://confessor.kpfk.org/pix/traveltips_med_127.jpg""",3,"""https://confessor.kpfk.org/pix""",https://confessor.kpfk.org/pix/traveltips_med_127.jpg,,false,,
JSON_HAS_IMAGE,kpfk,vocesdelibertad,Voces de Libertad,Español,8,true,"""https://confessor.kpfk.org/pix/vocesdelibertad_med_185.jpg""",3,"""https://confessor.kpfk.org/pix""",https://confessor.kpfk.org/pix/vocesdelibertad_med_185.jpg,,true,https://confessor.kpfk.org/pix/vocesdelibertad_it_185.jpg,
JSON_HAS_IMAGE,kpfk,wayoutwest,Way Out West,Music,2,true,"""https://confessor.kpfk.org/pix/wayoutwest_med_384.jpg""",3,"""https://confessor.kpfk.org/pix""",https://confessor.kpfk.org/pix/wayoutwest_med_384.jpg,,false,,
JSON_HAS_IMAGE,kpfk,workingvoices,Working Voices,Public Affairs - Local,9,true,"""https://confessor.kpfk.org/pix/workingvoices_med_332.jpg""",3,"""https://confessor.kpfk.org/pix""",https://confessor.kpfk.org/pix/workingvoices_med_332.jpg,,true,https://confessor.kpfk.org/pix/workingvoices_it_332.jpg,
JSON_HAS_IMAGE,kpfk,potira,World Massive,Music,2,true,"""https://confessor.kpfk.org/pix/potira_med_115.jpg""",3,"""https://confessor.kpfk.org/pix""",https://confessor.kpfk.org/pix/potira_med_115.jpg,,false,,
JSON_HAS_IMAGE,kpfk,alternatiradioalterradioas,Alternative Radio Special,Special Program,0,true,"""https://confessor.kpfk.org/pix/alternatiradioalterradioas_med_388.jpg""",0,,,,false,,
JSON_HAS_IMAGE,kpfk,antiwar,Antiwar Radio,Public Affairs - Local,0,true,"""https://confessor.kpfk.org/pix/anti-warradio_223.jpg""",0,,,,false,,
JSON_HAS_IMAGE,kpfk,biketalka,Bike Talk,Public Affairs - Local,0,true,"""https://confessor.kpfk.org/pix/biketalka_med_263.jpg""",0,,,,false,,
JSON_HAS_IMAGE,kpfk,friedman,Brad Friedman's BradCast,Public Affairs - Local,0,true,"""https://confessor.kpfk.org/pix/friedman_med_210.jpg""",3,"""https://confessor.kpfk.org/pix""",https://confessor.kpfk.org/pix/friedman_med_210.jpg,,false,,
JSON_HAS_IMAGE,kpfk,casc,Centroamerica Sin Censura,Español,0,true,"""https://confessor.kpfk.org/pix/centroamerica_sin_censura_194.jpg""",0,,,,false,,
JSON_HAS_IMAGE,kpfk,digivil,Digital Village,Public Affairs - Local,0,true,"""https://confessor.kpfk.org/pix/digitalvillage_med_133.jpg""",0,,,,false,,
JSON_HAS_IMAGE,kpfk,hutchinson,Earl Ofari Hutchinson Show,Public Affairs - Local,0,true,"""https://confessor.kpfk.org/pix/earlofarihutchinsonshow_med_136.jpg""",0,,,,false,,
JSON_HAS_IMAGE,kpfk,expansizone,"Expansion Zone, The",Public Affairs - Local,0,true,"""https://confessor.kpfk.org/pix/expansizone_med_364.jpg""",0,,,,false,,
JSON_HAS_IMAGE,kpfk,flashpoints,Flashpoints,Public Affairs- National+Syndicated,0,true,"""https://confessor.kpfk.org/pix/flashpoints_med_307.jpg""",0,,,,false,,
JSON_HAS_IMAGE,kpfk,healcareus,Health Care for US,Public Affairs - Local,0,true,"""https://confessor.kpfk.org/pix/healcareus_med_359.jpg""",0,,,,false,,
JSON_HAS_IMAGE,kpfk,ivtue,Inner Vision,Health & Spirituality,0,true,"""https://confessor.kpfk.org/pix/innervision_med_140.jpg""",0,,,,false,,
JSON_HAS_IMAGE,kpfk,rise,Jazz Sessions,Music,0,true,"""https://confessor.kpfk.org/pix/jazzsessionslistenhere_med_113.jpg""",0,,,,false,,
JSON_HAS_IMAGE,kpfk,latw,LA Theater Works,Arts & Entertainment,0,true,"""https://confessor.kpfk.org/pix/latw_med_227.jpg""",3,"""https://confessor.kpfk.org/pix""",https://confessor.kpfk.org/pix/latw_med_227.jpg,,false,,
JSON_HAS_IMAGE,kpfk,letters,Letters and Politics,Public Affairs- National+Syndicated,0,true,"""https://confessor.kpfk.org/pix/lettersandpolitics_med_102.jpg""",0,,,,false,,
JSON_HAS_IMAGE,kpfk,listenhere,Listen Here,Music,0,true,"""https://confessor.kpfk.org/pix/listenhere_med_315.jpg""",0,,,,false,,
JSON_HAS_IMAGE,kpfk,blacprinmalcxat,Malcom X Centennial Programming,Special Program,0,true,"""https://confessor.kpfk.org/pix/blacprinmalcxat_med_378.jpg""",0,,,,false,,
JSON_HAS_IMAGE,kpfk,movecrowd,Move The Crowd,Public Affairs - Local,0,true,"""https://confessor.kpfk.org/pix/movethecrowd_med_293.jpg""",0,,,,false,,
JSON_HAS_IMAGE,kpfk,poetleber,Poet's Cafe,Arts & Entertainment,0,true,"""https://confessor.kpfk.org/pix/poetscafewhypoetry_250.jpg""",0,,,,false,,
JSON_HAS_IMAGE,kpfk,politicorpedagoga,Politics Or Pedagogy?,Public Affairs - Local,0,true,"""https://confessor.kpfk.org/pix/politicorpedagoga_med_272.jpg""",0,,,,false,,
JSON_HAS_IMAGE,kpfk,iquestpasaenlosangele,Que Pasa En Los Angeles?,Español,0,true,"""https://confessor.kpfk.org/pix/iquestpasaenlosangele_med_355.jpg""",0,,,,false,,
JSON_HAS_IMAGE,kpfk,rethinkheroeslifeaftermilitar,Rethinking Heroes with Cary Harrison: Life After the Military,Public Affairs - Local,0,true,"""https://confessor.kpfk.org/pix/rethinkheroeslifeaftermilitar_med_330.jpg""",0,,,,false,,
JSON_HAS_IMAGE,kpfk,voicesfromfrontlines,Voices from the Frontlines,Public Affairs - Local,0,true,"""https://confessor.kpfk.org/pix/voices_from_the_frontline_165.jpg""",0,,,,false,,
